OBJECTID,X,Y,pop_2000,pop_2001,pop_2002,pop_2003,pop_2004,pop_2005,pop_2006,sample unit
1,-2.032698054,55.77175332,44,46,38,41,30,21,25,number counted at each location
2,-1.947139951,55.69740139,48,37,43,35,30,26,25,number counted at each location
3,-1.862062374,55.65241346,44,42,42,37,30,26,16,number counted at each location
4,-1.774059634,55.60110452,46,35,42,33,38,23,22,number counted at each location
5,-1.733441825,55.60885374,50,35,33,43,35,26,18,number counted at each location
6,-1.684027127,55.58577094,42,32,44,36,29,22,25,number counted at each location
7,-1.657246124,55.55727965,43,39,36,33,36,24,25,number counted at each location
8,-1.639769991,55.52954191,41,36,45,36,27,24,24,number counted at each location
9,-1.620149408,55.49526488,49,37,34,36,27,21,19,number counted at each location
10,-1.603360655,55.47120855,48,37,33,38,35,22,25,number counted at each location
11,-1.596210495,55.44051466,44,40,42,38,30,26,15,number counted at each location
12,-1.585206355,55.42983177,46,48,33,39,26,22,23,number counted at each location
13,-1.589052944,55.42048504,49,34,44,36,40,22,15,number counted at each location
14,-1.600708353,55.40475778,47,50,44,38,28,25,15,number counted at each location
15,-1.614186486,55.39365004,40,42,42,41,35,22,24,number counted at each location
16,-1.614915785,55.37966414,43,44,38,33,39,27,24,number counted at each location
17,-1.610084452,55.36801848,48,37,39,41,38,21,24,number counted at each location
18,-1.599201786,55.34900333,44,39,45,43,37,28,24,number counted at each location
19,-1.586496326,55.33457475,44,32,41,34,29,21,22,number counted at each location
20,-1.57701078,55.32112458,50,46,30,36,33,21,15,number counted at each location
21,-1.582306288,55.30534238,47,38,43,32,30,24,18,number counted at each location
22,-1.5879426,55.2895595,40,35,44,41,31,20,22,number counted at each location
23,-1.582271686,55.27158902,45,34,37,40,28,21,25,number counted at each location
24,-1.571334348,55.24585007,43,46,43,31,25,24,15,number counted at each location
25,-1.546266358,55.22010872,48,50,45,39,26,29,18,number counted at each location
26,-1.534253007,55.19432297,44,50,36,41,27,23,23,number counted at each location
27,-1.538343593,55.16421906,46,45,43,28,30,27,25,number counted at each location
28,-1.532350362,55.13668276,41,44,44,37,37,27,21,number counted at each location
29,-1.512994317,55.10400261,48,41,31,28,27,30,23,number counted at each location
30,-1.491519878,55.07204094,44,44,35,38,30,21,18,number counted at each location
31,-1.465519889,55.04119979,40,36,33,29,33,27,23,number counted at each location
32,-1.422093936,54.98803551,47,37,34,31,29,21,17,number counted at each location
33,-1.389325675,54.95004681,45,43,35,37,26,27,21,number counted at each location
34,-1.383092084,54.90453387,40,34,41,34,37,22,15,number counted at each location
35,-1.367394579,54.87344733,50,40,32,42,28,22,25,number counted at each location
36,-1.351866065,54.83464054,43,49,40,43,40,30,19,number counted at each location
37,-1.331805621,54.7963266,45,31,32,37,28,28,17,number counted at each location
38,-1.316739232,54.75667064,44,31,45,31,34,29,18,number counted at each location
39,-1.266761031,54.7146327,48,40,30,35,38,25,25,number counted at each location
40,-1.219082064,54.68184616,45,49,30,29,38,30,22,number counted at each location
41,-1.21434122,54.63126805,42,34,32,39,33,22,20,number counted at each location
42,-1.117101242,54.61555177,48,33,41,40,30,20,15,number counted at each location
43,-1.046912292,54.60124527,42,33,42,35,33,20,25,number counted at each location
44,-0.986976879,54.58120544,40,33,38,40,30,24,23,number counted at each location
45,-0.917534621,54.57178248,50,40,40,33,38,22,17,number counted at each location
46,-0.854362506,54.56077288,45,46,32,43,37,25,20,number counted at each location
47,-0.784708692,54.54922155,50,45,31,32,25,23,21,number counted at each location
48,-0.739742503,54.51638716,46,45,44,28,26,30,21,number counted at each location
49,-0.693629112,54.51638716,43,36,37,34,28,23,15,number counted at each location
50,-0.624847776,54.48235036,43,30,38,34,30,23,24,number counted at each location
51,-0.561384987,54.44932272,45,49,32,29,28,26,24,number counted at each location
52,-0.542092473,54.42392849,44,35,43,39,33,23,23,number counted at each location
53,-0.491792424,54.38657721,49,44,43,28,28,20,22,number counted at each location
54,-0.458286039,54.3586443,48,36,40,35,28,24,20,number counted at each location
55,-0.439863269,54.31499839,46,49,30,35,31,30,21,number counted at each location
56,-0.408167377,54.28273398,42,41,35,32,40,22,15,number counted at each location
57,-0.387751634,54.25292779,42,39,45,42,25,27,22,number counted at each location
58,-0.346291037,54.23311253,47,45,33,30,38,23,15,number counted at each location
59,-0.302292577,54.2159675,46,49,43,31,35,25,22,number counted at each location
60,-0.293044778,54.17919399,43,48,33,32,28,28,19,number counted at each location
61,-0.248632228,54.15776182,41,45,42,42,34,24,25,number counted at each location
62,-0.188002351,54.13793676,42,43,31,41,38,29,15,number counted at each location
63,-0.108824465,54.12099212,43,35,44,36,37,21,21,number counted at each location
64,-0.196497258,54.09380653,46,49,34,40,33,29,24,number counted at each location
65,-0.230496396,54.04971867,47,35,37,29,26,21,21,number counted at each location
66,-0.226216948,54.00771879,40,48,30,37,40,24,19,number counted at each location
67,-0.208622815,53.96492672,45,41,41,33,25,24,17,number counted at each location
68,-0.179067011,53.92299962,45,34,38,31,34,27,19,number counted at each location
69,-0.151511655,53.92299962,42,49,44,37,25,21,16,number counted at each location
70,-0.114463947,53.83209343,47,36,31,29,34,25,16,number counted at each location
71,-0.07502859,53.7996348,43,34,45,41,27,26,22,number counted at each location
72,-0.031673053,53.76228284,50,34,33,28,29,26,15,number counted at each location
73,0.030015957,53.73262641,47,37,34,31,30,29,18,number counted at each location
74,0.061137888,53.69719988,42,49,30,32,36,25,15,number counted at each location
75,0.100149379,53.65473725,47,31,31,42,30,30,23,number counted at each location
76,0.019009044,53.65486688,49,37,43,40,28,20,24,number counted at each location
77,-0.076215823,53.64990365,44,35,36,33,25,27,20,number counted at each location
78,-0.166018442,53.70202117,42,38,38,43,28,27,15,number counted at each location
79,-0.242321226,53.74027819,48,39,44,32,37,24,19,number counted at each location
80,-0.353349223,53.74056921,42,30,43,39,33,22,15,number counted at each location
81,-0.458060318,53.73226134,45,44,34,42,29,21,25,number counted at each location
82,-0.44863868,53.67817715,49,50,42,31,37,25,24,number counted at each location
83,-0.347934319,53.68833605,49,34,34,30,31,23,17,number counted at each location
84,-0.26949687,53.67341322,47,40,36,32,33,30,23,number counted at each location
85,-0.22633732,53.63973279,44,47,38,30,32,22,25,number counted at each location
86,-0.160663514,53.60437134,41,38,33,40,30,20,19,number counted at each location
87,-0.103382899,53.57788188,50,45,33,29,25,26,16,number counted at each location
88,-0.053853124,53.56444625,48,39,32,34,35,30,15,number counted at each location
89,-0.015801425,53.53691737,50,45,31,33,25,28,16,number counted at each location
90,0.013196106,53.51448917,50,38,35,43,31,27,25,number counted at each location
91,0.071734858,53.49659899,49,36,41,41,30,25,21,number counted at each location
92,0.127682235,53.47413421,44,42,38,39,28,22,24,number counted at each location
93,0.163351516,53.43923757,48,48,38,43,25,24,21,number counted at each location
94,0.192421832,53.40585314,43,47,41,32,31,27,22,number counted at each location
95,0.216332193,53.3761629,47,43,39,41,26,22,23,number counted at each location
96,0.254129143,53.34439965,44,43,35,38,40,26,22,number counted at each location
97,0.274913436,53.30420627,40,34,45,40,33,29,15,number counted at each location
98,0.293745425,53.27317408,48,37,42,33,27,20,23,number counted at each location
99,0.30952803,53.23597974,45,36,43,43,37,23,16,number counted at each location
100,0.321087891,53.19561833,32,26,24,17,17,17,13,number counted at each location
101,0.316483523,53.15722612,30,27,22,18,18,14,12,number counted at each location
102,0.315302462,53.11135855,33,26,18,20,17,13,10,number counted at each location
103,0.254223824,53.08372027,30,22,20,21,19,13,12,number counted at each location
104,0.19776605,53.05023493,37,27,23,23,15,16,10,number counted at each location
105,0.12553287,53.05023493,30,21,19,23,13,16,15,number counted at each location
106,0.079847916,52.97718362,36,26,23,17,18,10,9,number counted at each location
107,0.017925749,52.9421552,36,30,24,16,18,13,13,number counted at each location
108,0.044335904,52.90152198,36,23,27,15,14,11,14,number counted at each location
109,0.107339852,52.87954293,37,26,20,15,18,13,14,number counted at each location
110,0.161992191,52.85394909,35,30,19,23,19,12,10,number counted at each location
111,0.20863525,52.81255706,33,27,21,21,13,10,11,number counted at each location
112,0.297400485,52.80732156,40,30,22,18,20,18,7,number counted at each location
113,0.394021729,52.81596145,35,24,27,23,16,13,7,number counted at each location
114,0.456437797,52.85907098,30,25,24,18,14,13,9,number counted at each location
115,0.491060889,52.90747903,33,26,21,17,15,12,6,number counted at each location
116,0.521733481,52.95841826,35,28,19,23,13,13,16,number counted at each location
117,0.545265465,52.968291,38,23,22,19,14,13,15,number counted at each location
118,0.578676497,52.97325386,38,20,22,20,17,15,6,number counted at each location
119,0.61789242,52.96787057,40,22,23,18,16,17,7,number counted at each location
120,0.662499732,52.96214378,36,21,23,18,16,10,6,number counted at each location
121,0.692243501,52.96482941,32,30,27,17,18,15,15,number counted at each location
122,0.73048068,52.96313955,38,25,22,17,14,15,10,number counted at each location
123,0.769198492,52.96606506,37,30,25,18,21,14,13,number counted at each location
124,0.804313885,52.96937182,30,24,20,22,14,14,13,number counted at each location
125,0.833358759,52.96259156,38,24,20,23,16,17,10,number counted at each location
126,0.867183336,52.94577009,34,21,22,21,13,14,16,number counted at each location
127,0.906331948,52.95607627,35,25,18,17,20,12,7,number counted at each location
128,0.948468519,52.95639411,37,27,20,16,13,15,12,number counted at each location
129,0.980410621,52.95514052,40,20,24,15,14,17,13,number counted at each location
130,1.016804681,52.96222572,32,26,18,15,19,11,10,number counted at each location
131,1.056813926,52.9593238,32,22,24,15,14,10,11,number counted at each location
132,1.088497135,52.95474079,34,26,19,18,20,10,16,number counted at each location
133,1.121177004,52.94804229,33,23,19,16,15,16,6,number counted at each location
134,1.154233218,52.94592702,30,29,18,19,15,14,6,number counted at each location
135,1.194323728,52.94250428,36,27,22,15,20,16,15,number counted at each location
136,1.23486881,52.93909999,38,28,24,20,19,13,13,number counted at each location
137,1.269436965,52.93397121,35,30,21,21,16,17,12,number counted at each location
138,1.308520292,52.92498433,38,24,19,18,16,17,15,number counted at each location
139,1.333742285,52.9130726,34,25,24,19,15,18,16,number counted at each location
140,1.362278704,52.90208743,37,25,20,22,13,17,10,number counted at each location
141,1.39309494,52.89152091,34,27,22,18,15,15,16,number counted at each location
142,1.417806629,52.88264739,34,27,23,15,14,15,6,number counted at each location
143,1.440035601,52.86985633,30,24,26,16,14,16,12,number counted at each location
144,1.454786755,52.85873861,31,27,25,20,13,15,16,number counted at each location
145,1.473873869,52.85043472,34,29,25,22,18,18,9,number counted at each location
146,1.493553388,52.83910767,33,22,24,21,13,10,13,number counted at each location
147,1.520719486,52.82662311,32,26,25,15,16,17,16,number counted at each location
148,1.540811844,52.81517419,35,27,25,17,16,14,15,number counted at each location
149,1.561854157,52.80527156,32,20,24,15,14,17,10,number counted at each location
150,1.586291807,52.79206977,32,29,25,22,19,17,6,number counted at each location
151,1.61104109,52.77873638,36,26,26,16,15,15,9,number counted at each location
152,1.632456842,52.76462685,36,26,26,22,13,14,9,number counted at each location
153,1.648986358,52.7468332,31,20,27,22,18,13,8,number counted at each location
154,1.677113635,52.72581536,38,21,23,19,19,13,10,number counted at each location
155,1.68950331,52.71705407,31,22,24,22,16,14,14,number counted at each location
156,1.694106352,52.69953977,37,29,20,22,17,16,16,number counted at each location
157,1.703420597,52.68220145,30,22,21,22,15,14,15,number counted at each location
158,1.712703851,52.67137247,30,24,19,15,16,12,13,number counted at each location
159,1.722691239,52.65606459,33,25,19,17,13,15,13,number counted at each location
160,1.723068244,52.64180054,34,29,24,20,21,16,9,number counted at each location
161,1.730399249,52.6220953,30,22,21,15,19,14,7,number counted at each location
162,1.716310452,52.58064265,32,24,18,16,21,10,15,number counted at each location
163,1.718504074,52.56440006,38,23,24,18,16,12,8,number counted at each location
164,1.722691899,52.54547181,40,25,25,15,16,14,12,number counted at each location
165,1.735604733,52.52638001,34,26,19,15,17,15,13,number counted at each location
166,1.735994065,52.50623881,30,20,21,21,20,15,11,number counted at each location
167,1.740312944,52.48560827,33,21,23,22,20,10,12,number counted at each location
168,1.72941826,52.45769756,36,21,21,23,19,14,14,number counted at each location
169,1.717707274,52.43582988,31,29,18,18,18,18,6,number counted at each location
170,1.715927988,52.41323666,40,29,18,17,15,12,8,number counted at each location
171,1.710233638,52.39945846,37,30,19,19,15,16,16,number counted at each location
172,1.700752284,52.37911016,31,21,26,18,15,10,8,number counted at each location
173,1.685232328,52.36152581,36,21,19,22,20,11,14,number counted at each location
174,1.67064947,52.34287298,36,23,20,17,15,13,7,number counted at each location
175,1.652713667,52.31639669,40,29,20,18,17,12,7,number counted at each location
176,1.633424845,52.30096356,33,24,26,22,20,11,10,number counted at each location
177,1.621845397,52.27800634,37,29,24,23,16,17,16,number counted at each location
178,1.616788311,52.25715208,34,26,22,21,18,17,15,number counted at each location
179,1.608464784,52.23104727,40,25,19,22,18,12,15,number counted at each location
180,1.608303519,52.22380091,36,21,19,20,16,14,6,number counted at each location
181,1.613167449,52.21519892,40,25,25,20,14,11,11,number counted at each location
182,1.614870799,52.20437227,35,30,21,17,19,11,14,number counted at each location
183,1.613382986,52.19455527,35,21,18,16,18,13,9,number counted at each location
184,1.613300278,52.18688043,31,27,25,15,19,11,7,number counted at each location
185,1.613547687,52.18152516,36,20,23,19,14,16,13,number counted at each location
186,1.610661865,52.17475918,35,30,24,20,16,17,15,number counted at each location
187,1.607550169,52.16977756,39,21,24,19,17,17,6,number counted at each location
188,1.603041926,52.16462793,37,25,27,16,21,15,13,number counted at each location
189,1.601013146,52.15734321,34,25,26,21,20,15,16,number counted at each location
190,1.599496182,52.15168378,39,29,20,21,14,13,10,number counted at each location
191,1.599466756,52.14655965,34,21,25,18,13,10,9,number counted at each location
192,1.598828422,52.1402488,40,22,23,21,21,14,14,number counted at each location
193,1.596276661,52.13575548,38,29,27,18,17,12,10,number counted at each location
194,1.593795627,52.12871715,31,30,22,16,17,15,8,number counted at each location
195,1.591447263,52.12466693,38,29,26,23,16,16,10,number counted at each location
196,1.589574639,52.11959287,39,23,26,19,13,10,9,number counted at each location
197,1.586277557,52.11082421,39,27,22,15,20,12,10,number counted at each location
198,1.585331027,52.10361197,34,27,19,16,17,17,6,number counted at each location
199,1.582734989,52.09798443,30,21,23,21,21,17,7,number counted at each location
200,1.578697394,52.09165185,21,17,14,17,10,10,12,number counted at each location
201,1.573321114,52.08621232,24,21,22,6,10,7,13,number counted at each location
202,1.565683537,52.08214204,26,19,12,20,11,2,8,number counted at each location
203,1.557058768,52.07892667,20,18,22,8,10,6,16,number counted at each location
204,1.542645976,52.07601389,21,14,22,5,11,7,8,number counted at each location
205,1.511561733,52.07416403,27,21,9,6,14,6,16,number counted at each location
206,1.502247851,52.07283982,27,19,11,5,8,6,16,number counted at each location
207,1.49238705,52.06758877,26,13,17,9,13,10,15,number counted at each location
208,1.48588849,52.06425034,27,14,21,11,15,7,7,number counted at each location
209,1.478406901,52.06078012,27,15,20,19,15,3,13,number counted at each location
210,1.471512345,52.05756323,26,11,9,11,10,2,10,number counted at each location
211,1.465174388,52.05551235,20,17,18,8,13,8,10,number counted at each location
212,1.458998634,52.051458,29,15,20,20,7,3,12,number counted at each location
213,1.456657437,52.04842292,23,22,11,5,6,4,8,number counted at each location
214,1.454765615,52.04526303,30,15,20,20,12,9,6,number counted at each location
215,1.453997404,52.04019994,29,20,15,8,12,5,11,number counted at each location
216,1.448074116,52.03307221,27,20,20,17,8,4,7,number counted at each location
217,1.441803313,52.02884134,29,24,19,5,12,2,10,number counted at each location
218,1.436938155,52.02475219,26,14,15,5,6,5,6,number counted at each location
219,1.430884279,52.01581079,20,21,21,15,8,4,13,number counted at each location
220,1.426721923,52.00772689,21,16,20,12,9,5,9,number counted at each location
221,1.415836517,52.00039544,23,11,12,6,13,4,10,number counted at each location
222,1.405490166,51.99462766,20,24,13,12,13,7,9,number counted at each location
223,1.396215239,51.98853521,20,15,9,14,14,7,9,number counted at each location
224,1.385953712,51.98253912,26,17,17,11,5,2,16,number counted at each location
225,1.379335404,51.97695417,25,11,13,11,8,3,10,number counted at each location
226,1.375586954,51.97318032,23,16,15,5,14,10,16,number counted at each location
227,1.365461885,51.96646255,23,14,17,12,15,4,10,number counted at each location
228,1.338025153,51.95695321,24,20,18,17,10,7,9,number counted at each location
229,1.221288943,51.96456269,27,13,18,11,8,5,14,number counted at each location
230,1.148801948,51.96990332,25,16,22,10,15,10,7,number counted at each location
231,1.108888844,51.96389466,25,11,21,7,13,4,15,number counted at each location
232,1.055310466,51.95981762,24,25,13,18,14,6,7,number counted at each location
233,1.04796321,51.9423868,26,15,19,17,12,6,9,number counted at each location
234,1.07653525,51.93873048,21,15,12,18,14,8,8,number counted at each location
235,1.114344017,51.93766896,28,20,20,13,8,6,10,number counted at each location
236,1.152577363,51.94185511,30,13,18,10,5,9,8,number counted at each location
237,1.185680973,51.94195444,22,13,9,14,15,8,8,number counted at each location
238,1.212517087,51.94203896,26,24,22,18,14,6,12,number counted at each location
239,1.243318219,51.94406272,26,25,20,13,5,3,12,number counted at each location
240,1.263666538,51.93876532,20,15,13,11,7,5,11,number counted at each location
241,1.267157795,51.92902998,26,25,20,8,11,10,8,number counted at each location
242,1.249149847,51.91835803,24,16,12,13,12,7,15,number counted at each location
243,1.238723989,51.90033058,25,13,9,8,10,7,14,number counted at each location
244,1.214086061,51.89098259,30,24,18,16,6,7,7,number counted at each location
245,1.184880927,51.87970461,25,20,9,18,12,2,12,number counted at each location
246,1.182830783,51.8674965,21,12,14,5,12,3,15,number counted at each location
247,1.202322041,51.86538676,27,11,9,6,13,2,7,number counted at each location
248,1.217025019,51.85979858,26,24,8,6,7,4,14,number counted at each location
249,1.243064121,51.85267038,28,16,15,20,8,9,11,number counted at each location
250,1.241368063,51.8369043,24,12,17,6,11,10,6,number counted at each location
251,1.220707361,51.82518776,30,11,10,11,6,2,16,number counted at each location
252,1.196650945,51.81507861,22,12,12,12,14,3,8,number counted at each location
253,1.169690851,51.80258302,22,13,11,6,8,6,7,number counted at each location
254,1.138937984,51.79435754,26,20,18,19,6,5,11,number counted at each location
255,1.106206877,51.78601472,24,14,18,7,12,7,11,number counted at each location
256,1.056758,51.77971433,23,18,9,12,8,6,10,number counted at each location
257,1.030148484,51.81952063,24,11,18,6,12,8,16,number counted at each location
258,0.998831535,51.8234536,28,17,13,8,10,8,10,number counted at each location
259,0.979135314,51.79774552,25,23,17,10,11,10,7,number counted at each location
260,0.929285614,51.78134444,30,17,20,7,9,6,6,number counted at each location
261,0.873062327,51.77289783,25,25,12,18,6,10,15,number counted at each location
262,0.856382836,51.75239441,27,17,19,5,11,3,6,number counted at each location
263,0.81958405,51.74934909,20,12,16,17,8,2,10,number counted at each location
264,0.755977202,51.74719898,30,12,20,14,12,8,16,number counted at each location
265,0.714935688,51.74699042,26,25,9,12,6,9,9,number counted at each location
266,0.671634049,51.7377661,27,15,18,13,6,10,6,number counted at each location
267,0.680044982,51.7187548,21,22,10,8,6,9,11,number counted at each location
268,0.698269624,51.71184942,23,24,20,12,14,8,9,number counted at each location
269,0.738298782,51.70271183,30,14,21,13,15,7,10,number counted at each location
270,0.762969073,51.6822061,27,15,11,6,13,4,16,number counted at each location
271,0.793029489,51.70390609,24,10,11,17,9,7,9,number counted at each location
272,0.840378834,51.70798452,20,25,13,14,13,3,9,number counted at each location
273,0.883046736,51.71512403,24,20,20,9,7,10,16,number counted at each location
274,0.912759438,51.73346883,29,21,9,20,9,7,9,number counted at each location
275,0.933913259,51.71704764,27,24,14,9,5,2,13,number counted at each location
276,0.933646103,51.70349015,21,25,16,17,7,6,11,number counted at each location
277,0.931984926,51.68048023,24,21,22,7,10,7,11,number counted at each location
278,0.922133611,51.64918799,30,10,13,15,8,4,6,number counted at each location
279,0.905251082,51.62960936,27,14,22,19,8,10,10,number counted at each location
280,0.915198974,51.60236577,28,12,21,18,6,10,15,number counted at each location
281,0.853352269,51.57038756,23,14,14,19,6,3,8,number counted at each location
282,0.809873414,51.54807183,22,23,22,14,7,2,16,number counted at each location
283,0.743374921,51.53749839,30,21,16,18,7,7,14,number counted at each location
284,0.632448167,51.53643305,29,23,21,17,15,3,11,number counted at each location
285,0.571052755,51.51658723,21,12,14,16,10,2,13,number counted at each location
286,0.483189254,51.50819265,25,17,8,17,14,9,15,number counted at each location
287,0.491956787,51.47057219,20,24,16,17,6,2,12,number counted at each location
288,0.571242581,51.47024779,23,14,17,14,15,7,14,number counted at each location
289,0.638460737,51.46987661,24,14,21,5,9,2,6,number counted at each location
290,0.688493084,51.4541494,29,20,16,16,15,9,10,number counted at each location
291,0.769984495,51.42407302,30,24,15,18,11,5,13,number counted at each location
292,0.911901445,51.38877529,27,19,17,7,7,6,6,number counted at each location
293,0.958088147,51.33564183,20,20,22,19,11,5,7,number counted at each location
294,1.055086109,51.33873955,23,22,15,20,12,10,16,number counted at each location
295,1.142919764,51.35340494,21,24,22,12,13,5,13,number counted at each location
296,1.271428717,51.36393565,28,18,8,18,6,10,7,number counted at each location
297,1.40050199,51.37239046,30,18,9,14,11,4,16,number counted at each location
298,1.412151736,51.34205861,21,19,20,13,12,10,6,number counted at each location
299,1.352481852,51.29863051,24,21,22,6,12,9,13,number counted at each location
300,1.370501976,51.26431881,6,1,0,4,5,0,2,number counted at each location
301,1.385458376,51.22446889,8,5,3,6,0,0,2,number counted at each location
302,1.392663673,51.18421909,6,2,6,6,3,1,2,number counted at each location
303,1.368601709,51.15430182,4,1,4,3,3,2,0,number counted at each location
304,1.298260082,51.13288446,6,5,1,4,2,0,2,number counted at each location
305,1.263475919,51.11386514,0,5,5,0,5,0,0,number counted at each location
306,1.174458891,51.091748,5,1,1,2,3,2,1,number counted at each location
307,1.051323,51.05826399,6,8,2,2,5,2,0,number counted at each location
308,1.004880136,51.03909387,6,7,0,4,0,0,0,number counted at each location
309,0.965091347,51.00842627,6,8,2,4,4,1,2,number counted at each location
310,0.942036324,50.97129176,5,5,1,1,3,2,2,number counted at each location
311,0.951166978,50.94296488,10,8,3,3,4,2,1,number counted at each location
312,0.869938165,50.93054786,2,0,6,1,5,2,1,number counted at each location
313,0.808279798,50.93883076,10,6,0,0,2,0,2,number counted at each location
314,0.720612038,50.92083544,7,3,6,3,5,1,2,number counted at each location
315,0.669046785,50.88854534,9,0,4,1,0,0,0,number counted at each location
316,0.592896721,50.86390212,2,8,0,4,5,0,0,number counted at each location
317,0.504680409,50.85303494,6,2,5,2,1,2,1,number counted at each location
318,0.429373912,50.83879767,8,7,0,6,4,2,0,number counted at each location
319,0.34028489,50.82134352,7,7,0,0,4,1,0,number counted at each location
320,0.280834151,50.78118589,9,4,5,5,3,1,0,number counted at each location
321,0.223116088,50.75177925,5,7,1,4,3,3,2,number counted at each location
322,0.112425608,50.78000893,10,3,5,6,4,1,2,number counted at each location
323,0.02464094,50.79855636,6,4,6,5,5,2,0,number counted at each location
324,-0.075028888,50.81382567,6,0,3,4,1,1,2,number counted at each location
325,-0.151861559,50.82924106,1,4,6,1,5,3,1,number counted at each location
326,-0.222014757,50.83411709,3,5,3,4,5,2,0,number counted at each location
327,-0.325173319,50.83072671,7,0,2,3,0,2,1,number counted at each location
328,-0.387053303,50.82160843,0,2,6,6,1,2,0,number counted at each location
329,-0.198087747,50.83317054,9,2,5,5,5,3,2,number counted at each location
330,-0.415650054,50.81711931,3,6,5,0,3,1,2,number counted at each location
331,-0.492191709,50.81045634,7,5,6,6,1,0,2,number counted at each location
332,-0.57709963,50.80638541,1,5,1,0,5,0,2,number counted at each location
333,-0.657890632,50.79479147,10,1,1,2,0,0,0,number counted at each location
334,-0.723920879,50.78204171,0,6,6,3,5,3,1,number counted at each location
335,-0.78401634,50.75172357,2,1,6,2,3,3,1,number counted at each location
336,-0.884472232,50.79040404,2,2,4,0,1,0,2,number counted at each location
337,-0.958885725,50.7904625,8,8,4,2,3,1,1,number counted at each location
338,-1.014178365,50.78962746,10,2,2,1,4,2,1,number counted at each location
339,-1.150416511,50.79290293,0,5,5,0,5,3,2,number counted at each location
340,-1.262546974,50.8330846,2,3,6,1,2,3,2,number counted at each location
341,-1.362967402,50.80762835,4,6,6,4,1,1,2,number counted at each location
342,-1.439812463,50.7796594,2,4,2,4,0,0,1,number counted at each location
343,-1.555813786,50.74690474,4,4,5,2,4,2,2,number counted at each location
344,-1.655483966,50.74539275,4,4,3,4,3,3,0,number counted at each location
345,-1.770536414,50.73699081,0,8,6,4,4,1,1,number counted at each location
346,-1.918270597,50.71651435,9,1,1,1,5,1,1,number counted at each location
347,-1.972319282,50.64496111,9,4,0,3,3,2,0,number counted at each location
348,-1.989455656,50.6117942,10,8,6,6,3,2,0,number counted at each location
349,-2.093097225,50.61086432,5,6,6,3,3,0,1,number counted at each location
350,-2.204572106,50.63312734,3,3,4,3,1,0,0,number counted at each location
351,-2.354243935,50.64133268,1,5,1,1,4,1,2,number counted at each location
352,-2.468590179,50.6239666,9,1,1,6,5,0,1,number counted at each location
353,-2.54489513,50.63272553,0,2,3,4,0,2,0,number counted at each location
354,-2.630044329,50.67334947,9,1,2,1,1,1,1,number counted at each location
355,-2.76235656,50.71590962,0,1,5,5,5,3,0,number counted at each location
356,-2.870068689,50.74126583,8,0,5,2,5,2,2,number counted at each location
357,-2.987403699,50.7215518,9,6,4,6,1,2,1,number counted at each location
358,-3.131182079,50.70403099,2,2,1,1,0,3,0,number counted at each location
359,-3.235815637,50.6928815,4,4,6,2,3,2,1,number counted at each location
360,-3.334308929,50.64361905,7,7,0,5,3,3,1,number counted at each location
361,-3.408731289,50.62057356,8,5,6,6,5,2,2,number counted at each location
362,-3.478926289,50.59043315,3,0,0,6,5,3,2,number counted at each location
363,-3.496810982,50.55483871,9,2,6,6,3,2,1,number counted at each location
364,-3.539242867,50.48276849,3,4,1,1,1,3,1,number counted at each location
365,-3.536772404,50.3721465,1,5,2,0,4,0,1,number counted at each location
366,-3.541106692,50.35037101,0,2,4,1,4,0,1,number counted at each location
367,-3.602526112,50.33316069,1,0,0,2,5,3,0,number counted at each location
368,-3.645866431,50.30252193,7,6,2,2,3,2,2,number counted at each location
369,-3.665371226,50.26702792,5,5,4,3,4,1,2,number counted at each location
370,-3.672136808,50.24151807,10,6,5,5,2,3,2,number counted at each location
371,-3.706094321,50.22439755,6,0,6,1,4,3,0,number counted at each location
372,-3.761971067,50.22823908,7,8,6,6,5,2,0,number counted at each location
373,-3.808848801,50.22598936,5,4,6,1,0,3,2,number counted at each location
374,-3.847231809,50.25443857,3,1,2,1,0,2,2,number counted at each location
375,-3.869970132,50.27809903,8,2,4,4,5,0,2,number counted at each location
376,-3.908582335,50.30101906,7,1,3,0,5,3,2,number counted at each location
377,-3.939931393,50.30668462,7,1,6,6,0,2,1,number counted at each location
378,-3.985427332,50.3115681,0,2,3,2,5,3,2,number counted at each location
379,-4.073933489,50.32008568,8,2,5,2,4,0,1,number counted at each location
380,-4.10719991,50.34416146,8,7,6,1,0,3,0,number counted at each location
381,-4.12361345,50.37287479,0,3,5,5,4,3,1,number counted at each location
382,-4.170517251,50.37631065,10,2,5,4,0,2,1,number counted at each location
383,-4.19854932,50.3452967,9,8,0,1,5,1,0,number counted at each location
384,-4.248808553,50.35154313,5,6,0,3,4,0,0,number counted at each location
385,-4.311270994,50.36925586,1,7,2,0,5,0,1,number counted at each location
386,-4.383745846,50.3696278,3,2,5,6,0,1,1,number counted at each location
387,-4.439979832,-4.439979832,9,6,5,0,4,1,1,number counted at each location
388,-4.477864059,50.35312667,5,7,5,6,3,2,1,number counted at each location
389,-4.536326701,50.33678661,3,3,3,0,4,1,1,number counted at each location
390,-4.59228043,50.33412507,5,2,0,3,0,2,0,number counted at each location
391,-4.6599667,50.33601772,3,4,1,0,0,1,2,number counted at each location
392,-4.697822911,50.35345263,6,5,6,4,5,2,2,number counted at each location
393,-4.730067164,50.3444923,5,4,4,3,3,2,2,number counted at each location
394,-4.759380364,50.33511964,1,6,1,6,4,2,0,number counted at each location
395,-4.777797264,50.32389448,4,2,3,1,3,0,2,number counted at each location
396,-4.778475981,50.30592834,6,1,4,6,2,2,2,number counted at each location
397,-4.792569022,50.28706003,3,5,2,4,1,1,1,number counted at each location
398,-4.798053618,50.26733814,5,1,1,2,5,0,1,number counted at each location
399,-4.800337867,50.24887457,7,3,5,5,3,2,1,number counted at each location
400,-4.806576505,50.2403121,12,16,7,13,6,6,1,number counted at each location
401,-4.857052071,50.24109786,14,11,12,11,9,4,4,number counted at each location
402,-4.895039738,50.23054114,17,9,8,6,4,6,4,number counted at each location
403,-4.910394032,50.21873786,17,15,7,11,7,2,4,number counted at each location
404,-4.951480798,50.21091762,15,17,16,7,10,4,1,number counted at each location
405,-4.980971693,50.1943903,16,16,16,6,5,6,0,number counted at each location
406,-4.980409328,50.16835458,18,13,11,5,7,8,1,number counted at each location
407,-5.060518206,50.16953598,13,15,9,8,7,4,6,number counted at each location
408,-5.086156008,50.14407703,17,10,12,6,8,2,4,number counted at each location
409,-5.100882161,50.12204389,12,16,11,7,6,8,5,number counted at each location
410,-5.130978346,50.10451323,20,12,10,9,6,8,1,number counted at each location
411,-5.1173282,50.08395735,10,15,14,13,8,7,6,number counted at each location
412,-5.093853619,50.06382437,14,14,6,13,9,5,1,number counted at each location
413,-5.103163828,50.04016967,20,8,8,10,9,8,4,number counted at each location
414,-5.110287819,50.01713185,19,8,12,5,6,6,1,number counted at each location
415,-5.157517286,50.01014591,15,17,16,11,5,8,5,number counted at each location
416,-5.176748208,49.99959599,19,9,6,5,9,3,6,number counted at each location
417,-5.206537631,49.98072103,13,16,11,12,7,3,0,number counted at each location
418,-5.245760581,50.02036189,20,17,13,9,8,3,6,number counted at each location
419,-5.27588717,50.06323676,17,9,7,13,9,8,3,number counted at each location
420,-5.294222968,50.07805888,15,15,14,11,6,4,5,number counted at each location
421,-5.331080501,50.09906767,20,15,12,11,4,8,3,number counted at each location
422,-5.376684182,50.10487977,12,11,10,13,7,2,2,number counted at each location
423,-5.414270927,50.10843514,11,15,6,9,6,8,6,number counted at each location
424,-5.455574829,50.12479754,15,12,7,5,4,7,2,number counted at each location
425,-5.508756324,50.12995964,17,8,10,6,4,2,2,number counted at each location
426,-5.534622412,50.12624431,16,15,14,7,8,3,4,number counted at each location
427,-5.549655227,50.1127862,16,11,14,10,10,5,1,number counted at each location
428,-5.549277958,50.09867561,11,12,15,9,6,3,0,number counted at each location
429,-5.546247162,50.08717036,18,10,13,5,4,8,4,number counted at each location
430,-5.554108435,50.07864719,13,14,16,10,5,7,5,number counted at each location
431,-5.568980294,50.06230231,16,16,14,5,6,3,1,number counted at each location
432,-5.605200914,50.05583187,15,11,16,8,5,6,2,number counted at each location
433,-5.659697986,50.04839234,17,12,16,12,4,3,3,number counted at each location
434,-5.695718339,50.06560861,18,10,10,9,6,3,5,number counted at each location
435,-5.682948725,50.09483626,10,13,12,9,10,4,3,number counted at each location
436,-5.689529262,50.11802045,11,14,11,13,10,8,6,number counted at each location
437,-5.681875988,50.14430117,18,9,15,12,9,5,4,number counted at each location
438,-5.649778831,50.16214365,18,8,13,8,7,8,0,number counted at each location
439,-5.618989247,50.17125791,13,11,14,7,10,5,0,number counted at each location
440,-5.596310167,50.1853852,14,14,9,11,5,8,2,number counted at each location
441,-5.56363338,50.1957981,19,14,7,7,9,2,6,number counted at each location
442,-5.533772621,50.20832187,19,16,7,9,7,5,2,number counted at each location
443,-5.5013306,50.21029003,18,13,11,5,7,7,3,number counted at each location
444,-5.477862311,50.20372282,10,14,16,10,10,8,5,number counted at each location
445,-5.460411251,50.1892168,14,11,8,8,8,4,6,number counted at each location
446,-5.451128838,50.18098402,18,10,10,12,8,5,3,number counted at each location
447,-5.423260638,50.17215908,13,14,12,11,10,7,1,number counted at each location
448,-5.396733479,50.19007002,13,9,9,5,4,4,4,number counted at each location
449,-5.378243521,50.22943188,20,14,12,8,4,2,4,number counted at each location
450,-5.29433933,50.240483,18,17,10,13,9,6,6,number counted at each location
451,-5.253253179,50.27229169,10,15,12,7,7,6,1,number counted at each location
452,-5.21369133,50.30567608,12,8,16,9,4,3,3,number counted at each location
453,-5.168730376,50.33317727,15,16,8,6,4,2,0,number counted at each location
454,-5.137469527,50.36281891,10,8,8,6,5,6,2,number counted at each location
455,-5.098097009,50.39961426,10,17,12,12,9,4,0,number counted at each location
456,-5.038857703,50.42467483,16,10,7,13,8,3,3,number counted at each location
457,-5.013749961,50.4733728,19,8,12,7,7,4,5,number counted at each location
458,-5.017489969,50.5182073,16,14,15,11,7,6,5,number counted at each location
459,-4.954328676,50.54749604,15,11,9,9,10,5,1,number counted at each location
460,-4.878588022,50.57929716,18,12,7,5,9,7,3,number counted at each location
461,-4.79404056,50.59329063,10,10,10,9,10,3,1,number counted at each location
462,-4.747532304,50.63455329,15,16,8,13,8,7,1,number counted at each location
463,-4.697531401,50.67846513,12,14,16,8,8,4,4,number counted at each location
464,-4.650539328,50.71100052,11,11,15,9,10,2,5,number counted at each location
465,-4.598005292,50.75960125,16,11,9,11,8,2,3,number counted at each location
466,-4.541173928,50.81415627,15,11,8,11,5,3,4,number counted at each location
467,-4.547203679,50.88171905,20,8,9,13,9,8,5,number counted at each location
468,-4.527394924,50.94196653,10,8,9,8,4,6,6,number counted at each location
469,-4.499532532,50.9989444,12,9,12,6,7,4,1,number counted at each location
470,-4.420131537,50.99736996,18,12,7,11,10,6,4,number counted at each location
471,-4.358986543,50.9768584,13,9,16,8,4,2,6,number counted at each location
472,-4.275343348,51.00592449,20,13,6,11,5,3,0,number counted at each location
473,-4.231123709,51.03712909,18,15,14,5,5,5,2,number counted at each location
474,-4.208149397,51.09054054,10,8,13,11,8,5,6,number counted at each location
475,-4.198840632,51.16635347,15,14,8,10,6,8,4,number counted at each location
476,-4.145929596,51.19814313,12,17,9,10,4,2,5,number counted at each location
477,-4.053139877,51.20517384,12,14,15,5,6,2,6,number counted at each location
478,-3.966319269,51.20755159,15,12,10,6,10,3,2,number counted at each location
479,-3.895005464,51.21895817,18,15,12,12,7,6,4,number counted at each location
480,-3.829431072,51.22572276,19,15,13,11,9,8,6,number counted at each location
481,-3.759362494,51.23338654,15,16,8,5,7,8,0,number counted at each location
482,-3.689099547,51.22050749,19,9,7,9,9,8,2,number counted at each location
483,-3.6347961,51.21368495,17,17,11,13,8,8,4,number counted at each location
484,-3.550319387,51.22302246,16,16,6,8,5,2,2,number counted at each location
485,-3.480498655,51.20188401,19,9,15,9,9,2,0,number counted at each location
486,-3.434414538,51.18986054,13,16,10,12,5,8,4,number counted at each location
487,-3.383425189,51.1762708,15,14,16,6,7,5,1,number counted at each location
488,-3.304764113,51.17332705,12,15,9,9,10,2,3,number counted at each location
489,-3.248444284,51.18546757,14,10,6,12,7,5,3,number counted at each location
490,-3.189006108,51.1925857,15,8,7,8,6,8,4,number counted at each location
491,-3.120390049,51.2034923,15,16,10,10,4,8,4,number counted at each location
492,-3.046332522,51.20135754,20,8,16,10,4,5,5,number counted at each location
493,-2.990228347,51.2029316,14,9,12,11,6,2,5,number counted at each location
494,-2.991235164,51.24376719,13,8,13,5,7,4,6,number counted at each location
495,-2.994683634,51.27976502,18,8,8,12,7,6,4,number counted at each location
496,-2.974796036,51.3224066,19,8,10,12,6,6,2,number counted at each location
497,-2.93711715,51.3704407,15,15,13,9,8,7,2,number counted at each location
498,-2.904842391,51.39466993,14,9,8,8,10,3,5,number counted at each location
499,-2.866317268,51.41407785,18,17,6,10,4,7,5,number counted at each location
500,-2.834174068,51.45116715,34,18,16,23,12,5,5,number counted at each location
501,-2.720904214,51.48752449,34,25,22,23,11,4,7,number counted at each location
502,-2.670897234,51.52276653,31,27,22,23,11,2,6,number counted at each location
503,-2.657825064,51.55105512,30,21,23,15,15,2,6,number counted at each location
504,-2.621242491,51.59660922,31,27,18,16,16,5,3,number counted at each location
505,-3.078481159,53.26799549,36,26,20,19,17,6,2,number counted at each location
506,-3.060210094,53.28047319,40,19,23,22,20,6,7,number counted at each location
507,-3.078871094,53.28832729,33,27,18,18,17,4,6,number counted at each location
508,-3.096066636,53.29961217,33,20,16,20,13,7,6,number counted at each location
509,-3.098767871,53.31541705,31,20,24,13,17,3,6,number counted at each location
510,-3.117215116,53.32886713,37,21,16,22,11,2,2,number counted at each location
511,-3.136431368,53.34088973,38,24,18,16,19,7,3,number counted at each location
512,-3.1544714,53.3517622,31,26,17,19,10,7,5,number counted at each location
513,-3.173112973,53.36317908,39,25,20,19,14,7,5,number counted at each location
514,-3.187869548,53.38087355,33,17,16,20,14,7,5,number counted at each location
515,-3.17069479,53.39744496,35,24,17,21,18,4,4,number counted at each location
516,-3.145349114,53.40685367,36,25,20,18,11,8,4,number counted at each location
517,-3.090850961,53.41427871,36,18,22,21,20,2,6,number counted at each location
518,-3.051174639,53.42835777,37,26,24,14,16,8,5,number counted at each location
519,-3.032782646,53.42001787,40,20,24,18,16,2,4,number counted at each location
520,-2.98691256,53.41711831,36,19,20,23,12,5,2,number counted at each location
521,-2.996959792,53.44352376,34,25,21,17,15,5,6,number counted at each location
522,-3.006479039,53.46756026,39,17,24,19,15,5,4,number counted at each location
523,-3.027342833,53.48963711,40,19,16,24,15,2,5,number counted at each location
524,-3.047425587,53.51739902,40,17,23,15,20,7,6,number counted at each location
525,-3.070162949,53.54565971,36,25,18,23,15,4,5,number counted at each location
526,-3.063208209,53.58868816,33,17,17,17,11,7,7,number counted at each location
527,-3.035079091,53.62532871,35,18,20,16,12,3,7,number counted at each location
528,-2.988403751,53.65611104,33,23,19,24,12,4,5,number counted at each location
529,-2.939909819,53.69448773,36,25,15,21,11,5,4,number counted at each location
530,-2.939941697,53.73609596,38,25,18,15,12,2,7,number counted at each location
531,-2.990681037,53.74890926,37,21,19,22,15,3,6,number counted at each location
532,-3.027747934,53.78012352,33,18,17,16,10,3,4,number counted at each location
533,-3.040439661,53.80960584,36,25,24,17,14,8,5,number counted at each location
534,-3.03656166,53.84637086,30,23,24,16,15,3,3,number counted at each location
535,-3.025893312,53.88114669,31,22,19,23,17,7,2,number counted at each location
536,-3.022667827,53.91684302,38,17,20,20,14,8,7,number counted at each location
537,-2.97482327,53.92187499,31,20,22,19,20,7,6,number counted at each location
538,-2.921358488,53.93585456,35,25,18,15,13,2,2,number counted at each location
539,-2.84517545,53.95524564,32,19,15,20,13,2,4,number counted at each location
540,-2.838484889,53.98539009,36,18,23,24,16,7,2,number counted at each location
541,-2.888079918,54.02076432,40,19,18,19,18,8,6,number counted at each location
542,-2.865103977,54.05946668,36,23,16,17,19,4,3,number counted at each location
543,-2.819431492,54.07813983,32,21,22,21,19,2,3,number counted at each location
544,-2.794971917,54.10885895,40,19,16,20,19,4,3,number counted at each location
545,-2.791305933,54.13751727,37,20,25,13,18,7,4,number counted at each location
546,-2.806744587,54.16192051,32,19,20,13,17,4,3,number counted at each location
547,-2.82717023,54.17867281,32,20,23,24,20,7,2,number counted at each location
548,-2.855506836,54.18642796,39,24,23,13,10,7,5,number counted at each location
549,-2.839918076,54.19913218,38,21,20,22,19,3,7,number counted at each location
550,-2.866665076,54.20768676,36,17,22,16,20,8,7,number counted at each location
551,-2.897631236,54.20181601,31,24,18,19,11,2,3,number counted at each location
552,-2.909569723,54.18892498,40,20,21,22,18,4,6,number counted at each location
553,-2.919996062,54.17920425,37,26,18,14,16,4,5,number counted at each location
554,-2.931837406,54.16392426,36,19,15,18,19,7,4,number counted at each location
555,-2.974546215,54.16313007,37,18,16,13,12,2,3,number counted at each location
556,-2.995084901,54.18162441,40,27,22,15,18,8,3,number counted at each location
557,-3.019882459,54.20034542,33,17,19,20,15,6,5,number counted at each location
558,-3.069434494,54.19689292,36,25,16,23,19,3,3,number counted at each location
559,-3.069125273,54.18510053,36,22,21,14,10,5,6,number counted at each location
560,-3.07462122,54.1664832,40,21,22,13,15,5,5,number counted at each location
561,-3.08915023,54.15098301,35,25,17,19,18,2,2,number counted at each location
562,-3.099022825,54.13730294,33,17,18,18,19,5,7,number counted at each location
563,-3.122572935,54.12387224,31,23,20,21,12,3,7,number counted at each location
564,-3.145401706,54.10601242,40,17,19,16,10,3,3,number counted at each location
565,-3.172759199,54.08861966,38,27,20,13,19,3,6,number counted at each location
566,-3.194255873,54.11822819,30,17,15,24,12,4,4,number counted at each location
567,-3.233556282,54.12149053,40,24,16,17,20,3,5,number counted at each location
568,-3.230123956,54.150155,40,21,19,15,14,8,2,number counted at each location
569,-3.206818208,54.18121552,31,18,16,15,14,7,2,number counted at each location
570,-3.191767258,54.21695794,30,17,21,18,20,2,2,number counted at each location
571,-3.194509581,54.24997759,39,23,16,23,11,7,3,number counted at each location
572,-3.217314168,54.27098428,38,17,23,20,13,8,2,number counted at each location
573,-3.244444214,54.26301502,31,22,17,23,17,8,6,number counted at each location
574,-3.242923723,54.24479775,35,20,15,22,16,2,6,number counted at each location
575,-3.256516112,54.22746937,34,19,23,20,16,4,3,number counted at each location
576,-3.266116137,54.21203558,33,17,23,21,15,6,2,number counted at each location
577,-3.300130115,54.19825801,36,19,23,16,17,7,4,number counted at each location
578,-3.337108662,54.21999964,38,26,17,18,19,2,3,number counted at each location
579,-3.375427133,54.25697842,34,24,21,16,10,8,2,number counted at each location
580,-3.40060154,54.29721186,33,17,23,22,19,4,2,number counted at each location
581,-3.396479762,54.34686182,30,23,20,16,19,8,5,number counted at each location
582,-3.444649007,54.37599025,35,18,22,15,20,8,3,number counted at each location
583,-3.492687278,54.41200372,36,19,25,15,13,8,4,number counted at each location
584,-3.529563101,54.4430187,32,23,17,24,13,2,7,number counted at each location
585,-3.58002205,54.48153594,31,27,17,16,15,4,4,number counted at each location
586,-3.624094398,54.51489373,35,25,16,20,19,4,4,number counted at each location
587,-3.592385702,54.5444099,38,21,22,13,15,6,4,number counted at each location
588,-3.56807397,54.57596941,32,20,16,13,17,3,6,number counted at each location
589,-3.558954897,54.6181996,33,27,17,13,17,4,3,number counted at each location
590,-3.542768673,54.66043688,31,21,25,21,16,6,3,number counted at each location
591,-3.499521026,54.6960947,39,21,25,22,12,8,6,number counted at each location
592,-3.478262547,54.72552907,38,18,19,16,20,5,6,number counted at each location
593,-3.460006988,54.73657528,31,18,20,23,14,8,2,number counted at each location
594,-3.444935596,54.74628479,37,27,20,23,16,5,2,number counted at each location
595,-3.429172898,54.76561786,35,23,17,16,13,4,3,number counted at each location
596,-3.427592229,54.78904289,40,17,17,20,19,3,3,number counted at each location
597,-3.413977855,54.81616249,31,22,21,16,15,6,2,number counted at each location
598,-3.398043688,54.84406532,31,21,21,21,16,7,3,number counted at each location
599,-3.390894989,54.86727553,30,19,25,13,10,4,6,number counted at each location
600,-3.35681823,54.88544966,32,35,24,20,20,15,13,number counted at each location
601,-3.332904817,54.88938661,30,26,25,24,20,15,15,number counted at each location
602,-3.305115966,54.88008792,31,36,24,20,17,15,13,number counted at each location
603,-3.271145979,54.88484061,35,27,23,22,19,17,10,number counted at each location
604,-3.25007898,54.89819045,38,27,20,23,17,17,14,number counted at each location
605,-3.25134055,54.91848967,40,29,20,25,20,15,10,number counted at each location
606,-3.293072237,54.91723816,33,36,26,21,17,18,10,number counted at each location
607,-3.268266954,54.93997078,37,32,26,22,20,16,12,number counted at each location
608,-3.227460129,54.94643513,36,32,23,22,20,13,13,number counted at each location
609,-3.190104124,54.94486458,39,24,27,24,20,15,14,number counted at each location
610,-3.166886366,54.93684464,38,24,27,20,18,18,12,number counted at each location
611,-3.136035119,54.94366436,38,34,24,19,18,15,10,number counted at each location
612,-3.109847365,54.9556103,36,24,24,25,17,16,15,number counted at each location
613,-3.074515474,54.95914887,35,24,21,20,17,16,13,number counted at each location
614,-3.060740176,54.9717921,34,30,23,22,19,14,13,number counted at each location